<?xml version="1.0" encoding="UTF-8" standalone="yes"?>
<addon id="repository.aznhusband-kodi-repo" version="1.1.2" name="aznhusband-kodi-repo" provider-name="aznhusband">
    <extension point="xbmc.addon.repository" name="aznhusband-kodi-repo">
        <dir>
            <info compressed="false">https://raw.githubusercontent.com/JDang3/azndrama/master/addons.xml</info>
            <checksum>https://raw.githubusercontent.com/JDang3/azndrama/master/addons.xml.md5</checksum>
            <datadir zip="true">https://github.com/JDang3/azndrama/raw/master/</datadir>
        </dir>
        <dir>
            <info compressed="false">https://raw.githubusercontent.com/Gujal00/smrzips/master/addons.xml</info>
            <checksum>https://raw.githubusercontent.com/Gujal00/smrzips/master/addons.xml.md5</checksum>
            <datadir zip="true">https://raw.githubusercontent.com/Gujal00/smrzips/master/zips/</datadir>
        </dir>
    </extension>
    <extension point="xbmc.addon.metadata">
        <summary lang="en">aznhusband-kodi-repo</summary>
        <description lang="en">aznhusband-kodi-repo</description>
        <platform>all</platform>
    </extension>
</addon>
